{
  "intents": [
    {
      "tag": "greeting",
      "patterns": [
        "Hi",
        "Hey",
        "How are you",
        "Is anyone there?",
        "Hello",
        "Good day"
      ],
      "responses": [
        "Hi Welcome to GVT How May I help you?",
        "Hello, thanks for visiting GVT How may I help you?",
        "Hi there, what can I do for you?",
        "Hi there, how can I help?"
      ]
    },

    {
      "tag": "goodbye",
      "patterns": ["Bye", "See you later", "Goodbye"],
      "responses": [
        "See you later, thanks for visiting",
        "Have a nice day",
        "Bye! Come back again soon."
      ]
    },
    {
      "tag": "thanks",
      "patterns": ["Thanks", "Thank you", "That's helpful", "Thank's a lot!"],
      "responses": ["Happy to help!", "Any time!", "My pleasure"]
    },
    {
      "tag": "items",
      "patterns": [
        "Which items do you have?",
        "What kinds of items are there?",
        "What do you sell?"
      ],
      "responses": [
        "We sell coffee and tea",
        "We have coffee and tea"
      ]
    },
    {
      "tag": "payments",
      "patterns": [
        "Do you take credit cards?",
        "Do you accept Mastercard?",
        "Can I pay with Paypal?",
        "Are you cash only?"
      ],
      "responses": [
        "We accept VISA, Mastercard and Paypal",
        "We accept most major credit cards, and Paypal"
      ]
    },
    {
      "tag": "delivery",
      "patterns": [
        "How long does delivery take?",
        "How long does shipping take?",
        "When do I get my delivery?"
      ],
      "responses": [
        "Delivery takes 2-4 days",
        "Shipping takes 2-4 days"
      ]
    },
    {
      "tag": "funny",
      "patterns": [
        "Tell me a joke!",
        "Tell me something funny!",
        "Do you know a joke?"
      ],
      "responses": [
        "Why did the hipster burn his mouth? He drank the coffee before it was cool.",
        "What did the buffalo say when his son left for college? Bison."
      ]
    },
    {
      "tag": "message",
      "patterns": [
        "may I know the schemes available for women in India",
        "Schemes for women",
        "Women Schemes",
        "What schemes available for women in india",
        "Any govenment schemes for women",
        "Women Entreprenuer"
      ],
      "responses": [
        "The following programmes schemes are run by government under National Health Mission: \n\n 1.Reproductive, Maternal, Neonatal, Child and Adolescent health  \n\n 2.National Nutritional Programmes \n\n 3.Communicable diseases \n\n 4. Non-communicable diseases"
        
      ]
    },
    {
      "tag": "Reproductive",
      "patterns": [
        "Reproductive, Maternal, Neonatal, Child",
        "reproductive",
        "Neonatal",
        "Child",
        "maternal",
        "Adoloscent Health",
        "What is Reproductive Scheme",
        "What is Neonatal Scheme"
      ],
      "responses": [
        "The following programmes are available under Reproductive Schemes: \n\n 1.Janani Shishu Suraksha Karyakaram (JSSK)  \n\n 2.Rashtriya Kishor Swasthya Karyakram(RKSK) \n\n 3.Rashtriya Bal Swasthya Karyakram (RBSK)  "
        
      ]
    },
    {
      "tag": "National Nutrional Programmes",
      "patterns": [
        "National Nutritional Programmes",
        "Nutrion",
        "Nutrional",
        "National Nutrion"
      ],
      "responses": [
        "The following programmes are available under National Nutrional Progammes Scheme: \n\n 1.National Iodine Deficiency Disorders Control Programme  \n\n 2.MAA (Mothers Absolute Affection) Programme for Infant and Young Child Feeding \n\n 3.Rashtriya Bal Swasthya Karyakram (RBSK) \n\n 4. National Programme for Prevention and Control of Fluorosis (NPPCF) \n\n 5. National Iron Plus Initiative for Anaemia Control"
        
      ]
    },
    {
      "tag": "Communicable diseases",
      "patterns": [
        "Communicalble Diseases",
        "Communicable",
        "Spread",
        "Spreading Diseases"
      ],
      "responses": [
        "The following programmes are available under Communicable Disease Schemes: \n\n 1.Integrated Disease Surveillance Programme (IDSP) \n\n 2.Revised National Tuberculosis Control Programme (RNTCP) \n\n 3.Pulse Polio Programme \n\n 4. National Viral Hepatitis Control Program (NVHCP) \n\n 5. National Rabies Control Programme"
        
      ]
    },
    {
      "tag": "Janani Shishu Suraksha Karyakaram (JSSK)",
      "patterns": [
        "Janani Shishu Suraksha Karyakaram (JSSK)",
        "JSSK",
        "Explain about JSSK scheme",
        "what is JSSK Scheme"
      ],
      "responses": [
        "Building on the progress of this safe motherhood scheme, another major initiative Janani Shishu Suraksha Karyakaram (JSSK) was launched in June 2011 to eliminate out-of-pocket expenses for both pregnant women and sick infants. \n\n Kindly visit the link for further details: https://nhm.gov.in/showlink.php?id=178" 

      ]
    },
    {
      "tag": "Rashtriya Kishor Swasthya Karyakram(RKSK)",
      "patterns": [
        "Rashtriya Kishor Swasthya Karyakram(RKSK)",
        "RKSK",
        "Explain about RKSK scheme",
        "what is RKSK Scheme"
      ],
      "responses": [
        "The Rashtriya Kishor Swasthya Karyakram was launched on 7th January, 2014. The key principle of this programme is adolescent participation and leadership, Equity and inclusion, Gender Equity and strategic partnerships with other sectors and stakeholders. \n\n Kindly visit the link for further details: https://rksk.in/home" 

      ]
    },
    {
      "tag": "Rashtriya Bal Swasthya Karyakram (RBSK)",
      "patterns": [
        "Rashtriya Bal Swasthya Karyakram (RBSK)",
        "RBSK",
        "Explain about RBSK scheme",
        "what is RBSK Scheme"
      ],
      "responses": [
        "The Ministry of Health & Family Welfare, Government of India, under the National Health Mission launched the Rashtriya Bal Swasthya Karyakram (RBSK), an innovative and ambitious initiative, which envisages Child Health Screening and Early Intervention Services, a systemic approach of early identification and link to care, support and treatment. \n\n Kindly visit the link for further details: https://rbsk.mohfw.gov.in/RBSK/" 

      ]
    },
    {
      "tag": "National Iodine Deficiency Disorders Control Programme ",
      "patterns": [
        "National Iodine Deficiency Disorders Control Programme ",
        "NIDDCP",
        "Iodine Deficiency",
        "what is Iodine Deficiency Scheme"
      ],
      "responses": [
        "The Ministry of Health & Family Welfare, Government of India, under the National Health Mission launched the Rashtriya Bal Swasthya Karyakram (RBSK), an innovative and ambitious initiative, which envisages Child Health Screening and Early Intervention Services, a systemic approach of early identification and link to care, support and treatment. \n\n Kindly visit the link for further details:https://nhm.gov.in/index1.php?lang=1&level=3&sublinkid=1054&lid=230"
      ]
    },
    {
      "tag": "National Iodine Deficiency Disorders Control Programme ",
      "patterns": [
        "National Iodine Deficiency Disorders Control Programme ",
        "NIDDCP",
        "Iodine Deficiency",
        "what is Iodine Deficiency Scheme"
      ],
      "responses": [
        "The Ministry of Health & Family Welfare, Government of India, under the National Health Mission launched the Rashtriya Bal Swasthya Karyakram (RBSK), an innovative and ambitious initiative, which envisages Child Health Screening and Early Intervention Services, a systemic approach of early identification and link to care, support and treatment. \n\n Kindly visit the link for further details:https://nhm.gov.in/index1.php?lang=1&level=3&sublinkid=1054&lid=230"
      ]
    },
    {
      "tag": "Thank you",
      "patterns": [
        "Thanks",
        "Thankyou",
        "Thanks for your Help"
        
      ],
      "responses": [
        "Welcome"
      ]
    }

  ]
}
